State,Manufacturer
AK,Abbas
AK,Aliqui
AK,Barba
AK,Currus
AK,Fama
AK,Leo
AK,Natura
AK,Palma
AK,Pirum
AK,Pomum
AK,Quibus
AK,Salvus
AK,VanArsdel
AK,Victoria
AL,Abbas
AL,Aliqui
AL,Barba
AL,Currus
AL,Fama
AL,Leo
AL,Natura
AL,Palma
AL,Pirum
AL,Pomum
AL,Quibus
AL,Salvus
AL,VanArsdel
AL,Victoria
AR,Abbas
AR,Aliqui
AR,Barba
AR,Currus
AR,Fama
AR,Leo
AR,Natura
AR,Palma
AR,Pirum
AR,Pomum
AR,Quibus
AR,Salvus
AR,VanArsdel
AR,Victoria
AZ,Abbas
AZ,Aliqui
AZ,Barba
AZ,Currus
AZ,Fama
AZ,Leo
AZ,Natura
AZ,Palma
AZ,Pirum
AZ,Pomum
AZ,Quibus
AZ,Salvus
AZ,VanArsdel
AZ,Victoria
CA,Abbas
CA,Aliqui
CA,Barba
CA,Currus
CA,Fama
CA,Leo
CA,Natura
CA,Palma
CA,Pirum
CA,Pomum
CA,Quibus
CA,Salvus
CA,VanArsdel
CA,Victoria
CO,Abbas
CO,Aliqui
CO,Barba
CO,Currus
CO,Fama
CO,Leo
CO,Natura
CO,Palma
CO,Pirum
CO,Pomum
CO,Quibus
CO,Salvus
CO,VanArsdel
CO,Victoria
CT,Abbas
CT,Aliqui
CT,Barba
CT,Currus
CT,Fama
CT,Leo
CT,Natura
CT,Palma
CT,Pirum
CT,Pomum
CT,Quibus
CT,Salvus
CT,VanArsdel
CT,Victoria
DC,Abbas
DC,Aliqui
DC,Barba
DC,Currus
DC,Fama
DC,Leo
DC,Natura
DC,Palma
DC,Pirum
DC,Pomum
DC,Quibus
DC,Salvus
DC,VanArsdel
DC,Victoria
DE,Abbas
DE,Aliqui
DE,Barba
DE,Currus
DE,Fama
DE,Leo
DE,Natura
DE,Palma
DE,Pirum
DE,Pomum
DE,Quibus
DE,Salvus
DE,VanArsdel
DE,Victoria
FL,Abbas
FL,Aliqui
FL,Barba
FL,Currus
FL,Fama
FL,Leo
FL,Natura
FL,Palma
FL,Pirum
FL,Pomum
FL,Quibus
FL,Salvus
FL,VanArsdel
FL,Victoria
GA,Abbas
GA,Aliqui
GA,Barba
GA,Currus
GA,Fama
GA,Leo
GA,Natura
GA,Palma
GA,Pirum
GA,Pomum
GA,Quibus
GA,Salvus
GA,VanArsdel
GA,Victoria
IA,Abbas
IA,Aliqui
IA,Barba
IA,Currus
IA,Fama
IA,Leo
IA,Natura
IA,Palma
IA,Pirum
IA,Pomum
IA,Quibus
IA,Salvus
IA,VanArsdel
IA,Victoria
ID,Abbas
ID,Aliqui
ID,Barba
ID,Currus
ID,Fama
ID,Leo
ID,Natura
ID,Palma
ID,Pirum
ID,Pomum
ID,Quibus
ID,Salvus
ID,VanArsdel
ID,Victoria
IL,Abbas
IL,Aliqui
IL,Barba
IL,Currus
IL,Fama
IL,Leo
IL,Natura
IL,Palma
IL,Pirum
IL,Pomum
IL,Quibus
IL,Salvus
IL,VanArsdel
IL,Victoria
IN,Abbas
IN,Aliqui
IN,Barba
IN,Currus
IN,Fama
IN,Leo
IN,Natura
IN,Palma
IN,Pirum
IN,Pomum
IN,Quibus
IN,Salvus
IN,VanArsdel
IN,Victoria
KS,Abbas
KS,Aliqui
KS,Barba
KS,Currus
KS,Fama
KS,Leo
KS,Natura
KS,Palma
KS,Pirum
KS,Pomum
KS,Quibus
KS,Salvus
KS,VanArsdel
KS,Victoria
KY,Abbas
KY,Aliqui
KY,Barba
KY,Currus
KY,Fama
KY,Leo
KY,Natura
KY,Palma
KY,Pirum
KY,Pomum
KY,Quibus
KY,Salvus
KY,VanArsdel
KY,Victoria
LA,Abbas
LA,Aliqui
LA,Barba
LA,Currus
LA,Fama
LA,Leo
LA,Natura
LA,Palma
LA,Pirum
LA,Pomum
LA,Quibus
LA,Salvus
LA,VanArsdel
LA,Victoria
MA,Abbas
MA,Aliqui
MA,Barba
MA,Currus
MA,Fama
MA,Leo
MA,Natura
MA,Palma
MA,Pirum
MA,Pomum
MA,Quibus
MA,Salvus
MA,VanArsdel
MA,Victoria
MD,Abbas
MD,Aliqui
MD,Barba
MD,Currus
MD,Fama
MD,Leo
MD,Natura
MD,Palma
MD,Pirum
MD,Pomum
MD,Quibus
MD,Salvus
MD,VanArsdel
MD,Victoria
MI,Abbas
MI,Aliqui
MI,Barba
MI,Currus
MI,Fama
MI,Leo
MI,Natura
MI,Palma
MI,Pirum
MI,Pomum
MI,Quibus
MI,Salvus
MI,VanArsdel
MI,Victoria
MN,Abbas
MN,Aliqui
MN,Barba
MN,Currus
MN,Fama
MN,Leo
MN,Natura
MN,Palma
MN,Pirum
MN,Pomum
MN,Quibus
MN,Salvus
MN,VanArsdel
MN,Victoria
MO,Abbas
MO,Aliqui
MO,Barba
MO,Currus
MO,Fama
MO,Leo
MO,Natura
MO,Palma
MO,Pirum
MO,Pomum
MO,Quibus
MO,Salvus
MO,VanArsdel
MO,Victoria
MS,Abbas
MS,Aliqui
MS,Barba
MS,Currus
MS,Fama
MS,Leo
MS,Natura
MS,Palma
MS,Pirum
MS,Pomum
MS,Quibus
MS,Salvus
MS,VanArsdel
MS,Victoria
MT,Abbas
MT,Aliqui
MT,Barba
MT,Currus
MT,Fama
MT,Leo
MT,Natura
MT,Palma
MT,Pirum
MT,Pomum
MT,Quibus
MT,Salvus
MT,VanArsdel
MT,Victoria
NC,Abbas
NC,Aliqui
NC,Barba
NC,Currus
NC,Fama
NC,Leo
NC,Natura
NC,Palma
NC,Pirum
NC,Pomum
NC,Quibus
NC,Salvus
NC,VanArsdel
NC,Victoria
ND,Abbas
ND,Aliqui
ND,Barba
ND,Currus
ND,Fama
ND,Leo
ND,Natura
ND,Palma
ND,Pirum
ND,Pomum
ND,Quibus
ND,Salvus
ND,VanArsdel
ND,Victoria
NE,Abbas
NE,Aliqui
NE,Barba
NE,Currus
NE,Fama
NE,Leo
NE,Natura
NE,Palma
NE,Pirum
NE,Pomum
NE,Quibus
NE,Salvus
NE,VanArsdel
NE,Victoria
NH,Abbas
NH,Aliqui
NH,Barba
NH,Currus
NH,Fama
NH,Leo
NH,Natura
NH,Palma
NH,Pirum
NH,Pomum
NH,Quibus
NH,Salvus
NH,VanArsdel
NH,Victoria
NJ,Abbas
NJ,Aliqui
NJ,Barba
NJ,Currus
NJ,Fama
NJ,Leo
NJ,Natura
NJ,Palma
NJ,Pirum
NJ,Pomum
NJ,Quibus
NJ,Salvus
NJ,VanArsdel
NJ,Victoria
NM,Abbas
NM,Aliqui
NM,Barba
NM,Currus
NM,Fama
NM,Leo
NM,Natura
NM,Palma
NM,Pirum
NM,Pomum
NM,Quibus
NM,Salvus
NM,VanArsdel
NM,Victoria
NV,Abbas
NV,Aliqui
NV,Barba
NV,Currus
NV,Fama
NV,Leo
NV,Natura
NV,Palma
NV,Pirum
NV,Pomum
NV,Quibus
NV,Salvus
NV,VanArsdel
NV,Victoria
NY,Abbas
NY,Aliqui
NY,Barba
NY,Currus
NY,Fama
NY,Leo
NY,Natura
NY,Palma
NY,Pirum
NY,Pomum
NY,Quibus
NY,Salvus
NY,VanArsdel
NY,Victoria
OH,Abbas
OH,Aliqui
OH,Barba
OH,Currus
OH,Fama
OH,Leo
OH,Natura
OH,Palma
OH,Pirum
OH,Pomum
OH,Quibus
OH,Salvus
OH,VanArsdel
OH,Victoria
OK,Abbas
OK,Aliqui
OK,Barba
OK,Currus
OK,Fama
OK,Leo
OK,Natura
OK,Palma
OK,Pirum
OK,Pomum
OK,Quibus
OK,Salvus
OK,VanArsdel
OK,Victoria
OR,Abbas
OR,Aliqui
OR,Barba
OR,Currus
OR,Fama
OR,Leo
OR,Natura
OR,Palma
OR,Pirum
OR,Pomum
OR,Quibus
OR,Salvus
OR,VanArsdel
OR,Victoria
PA,Abbas
PA,Aliqui
PA,Barba
PA,Currus
PA,Fama
PA,Leo
PA,Natura
PA,Palma
PA,Pirum
PA,Pomum
PA,Quibus
PA,Salvus
PA,VanArsdel
PA,Victoria
RI,Abbas
RI,Aliqui
RI,Barba
RI,Currus
RI,Fama
RI,Leo
RI,Natura
RI,Palma
RI,Pirum
RI,Pomum
RI,Quibus
RI,Salvus
RI,VanArsdel
RI,Victoria
SC,Abbas
SC,Aliqui
SC,Barba
SC,Currus
SC,Fama
SC,Leo
SC,Natura
SC,Palma
SC,Pirum
SC,Pomum
SC,Quibus
SC,Salvus
SC,VanArsdel
SC,Victoria
SD,Abbas
SD,Aliqui
SD,Barba
SD,Currus
SD,Fama
SD,Leo
SD,Natura
SD,Palma
SD,Pirum
SD,Pomum
SD,Quibus
SD,Salvus
SD,VanArsdel
SD,Victoria
TN,Abbas
TN,Aliqui
TN,Barba
TN,Currus
TN,Fama
TN,Leo
TN,Natura
TN,Palma
TN,Pirum
TN,Pomum
TN,Quibus
TN,Salvus
TN,VanArsdel
TN,Victoria
TX,Abbas
TX,Aliqui
TX,Barba
TX,Currus
TX,Fama
TX,Leo
TX,Natura
TX,Palma
TX,Pirum
TX,Pomum
TX,Quibus
TX,Salvus
TX,VanArsdel
TX,Victoria
UT,Abbas
UT,Aliqui
UT,Barba
UT,Currus
UT,Fama
UT,Leo
UT,Natura
UT,Palma
UT,Pirum
UT,Pomum
UT,Quibus
UT,Salvus
UT,VanArsdel
UT,Victoria
VA,Abbas
VA,Aliqui
VA,Barba
VA,Currus
VA,Fama
VA,Leo
VA,Natura
VA,Palma
VA,Pirum
VA,Pomum
VA,Quibus
VA,Salvus
VA,VanArsdel
VA,Victoria
VT,Abbas
VT,Aliqui
VT,Barba
VT,Currus
VT,Fama
VT,Leo
VT,Natura
VT,Palma
VT,Pirum
VT,Pomum
VT,Quibus
VT,Salvus
VT,VanArsdel
VT,Victoria
WA,Abbas
WA,Aliqui
WA,Barba
WA,Currus
WA,Fama
WA,Leo
WA,Natura
WA,Palma
WA,Pirum
WA,Pomum
WA,Quibus
WA,Salvus
WA,VanArsdel
WA,Victoria
WI,Abbas
WI,Aliqui
WI,Barba
WI,Currus
WI,Fama
WI,Leo
WI,Natura
WI,Palma
WI,Pirum
WI,Pomum
WI,Quibus
WI,Salvus
WI,VanArsdel
WI,Victoria
WV,Abbas
WV,Aliqui
WV,Barba
WV,Currus
WV,Fama
WV,Leo
WV,Natura
WV,Palma
WV,Pirum
WV,Pomum
WV,Quibus
WV,Salvus
WV,VanArsdel
WV,Victoria
WY,Abbas
WY,Aliqui
WY,Barba
WY,Currus
WY,Fama
WY,Leo
WY,Natura
WY,Palma
WY,Pirum
WY,Pomum
WY,Quibus
WY,Salvus
WY,VanArsdel
WY,Victoria
